"site","size","abundance","richness"
"a",4.67,28,16
"b",6.31,35,18
"c",7.35,74,18
"d",7.7,94,9
"e",3.24,69,17
"f",8.7,27,18
"g",0.78,91,17
"h",3.83,44,19
"i",8.78,95,10
"j",1.75,28,14
"k",1.49,85,18
"l",0.23,64,18
"m",7.76,88,8
"n",6.94,29,13
"o",5.61,74,11
"p",0.85,35,16
"q",1.15,16,19
"r",3.44,93,18
"s",2.54,27,15
"t",8.7,17,19
"u",1.45,62,4
"v",4.87,30,10
"w",0.38,82,13
"x",1.98,28,4
"y",0.57,23,10
"z",8.83,43,12
"a",5.08,52,10
"b",5.29,39,4
"c",3.92,24,12
"d",0.73,60,3
"e",6.69,94,3
"f",9.54,51,8
"g",3.66,11,17
"h",4.82,94,13
"i",4.64,58,9
"j",0.76,47,15
"k",6.7,88,18
"l",8.18,51,5
"m",1.33,54,15
"n",8.43,45,16
"o",7.24,47,15
"p",0.87,58,16
"q",2.34,91,12
"r",2.68,44,12
"s",5.54,12,7
"t",2.09,81,19
"u",9.42,11,7
"v",5.54,83,8
"w",6.7,45,18
"x",7.56,83,5
"y",9.57,75,9
"z",3.07,80,13
"a",9.27,72,17
"b",2.26,84,4
"c",6.46,24,16
"d",9.25,32,2
"e",3.24,66,15
"f",6.33,39,16
"g",9.95,45,11
"h",1.03,96,4
"i",3.42,24,10
"j",8.74,45,14
"k",2.38,22,12
"l",2.44,58,18
"m",2.02,42,18
"n",1.97,11,12
"o",5.74,53,3
"p",2.32,38,20
"q",1.98,40,8
"r",3.06,83,5
"s",1.21,28,12
"t",8.79,91,13
"u",7.9,48,20
"v",2.15,72,11
"w",1.26,91,16
"x",1.24,18,13
"y",9.91,88,8
"z",6.6,45,16
"a",8.64,41,14
"b",5.27,92,14
"c",5,87,10
"d",3.94,48,13
"e",4.03,78,13
"f",3.51,86,9
"g",4.54,22,11
"h",7.16,54,3
"i",3.98,39,7
"j",4.4,48,4
"k",6.07,11,9
"l",2.44,46,18
"m",0.32,30,20
"n",6.52,59,11
"o",6.33,98,7
"p",9.15,53,13
"q",2.46,82,13
"r",2.52,96,15
"s",1.76,91,6
"t",3.29,91,6
"u",5.45,25,10
"v",3.65,37,3
"w",8.45,15,17
"x",6.11,52,19
"y",4.03,34,7
"z",4.99,64,13
"a",7.1,78,17
"b",7.45,28,18
"c",7.09,94,10
"d",6.34,35,14
"e",9.71,57,11
"f",5.02,88,10
"g",8.96,55,18
"h",4.54,67,12
"i",0.96,87,9
"j",6.58,69,17
"k",8.5,82,12
"l",4.03,54,7
"m",1.18,88,5
"n",7.87,88,6
"o",6.26,99,16
"p",3.68,56,13
"q",6.87,98,12
"r",8.61,91,14
"s",5.94,72,12
"t",4.12,84,12
"u",6.47,81,19
"v",7.4,54,5
"w",4.01,44,14
"x",9.8,11,10
"y",1.33,54,13
"z",8.24,88,9
"a",6.59,16,6
"b",4.55,77,10
"c",9.24,18,5
"d",5.37,90,19
"e",9.28,94,5
"f",6.01,24,8
"g",7.33,93,8
"h",3.27,99,11
"i",5.84,57,6
"j",7.01,22,16
"k",7.45,84,9
"l",8.14,85,7
"m",3.06,76,3
"n",7.21,25,7
"o",8.37,47,17
"p",0.18,60,7
"q",2.14,39,14
"r",9.33,79,15
"s",6.04,66,19
"t",0.71,93,12
"u",3.9,28,6
"v",9.53,29,15
"w",7.25,84,18
"x",3.62,77,3
"y",9.57,52,3
"z",0.21,22,17
"a",3.55,95,7
"b",9.28,21,18
"c",6.39,46,4
"d",8,22,16
"e",0.89,91,20
"f",7.48,18,19
"g",2.78,95,15
"h",0.61,48,5
"i",0.19,96,10
"j",2.53,64,17
"k",6.44,56,12
"l",7.76,83,15
"m",0.59,27,8
"n",3.55,58,17
"o",6.69,38,10
"p",6.58,73,14
"q",6.48,17,4
"r",7.8,31,6
"s",1.46,18,16
"t",6.23,46,8
"u",5.53,24,5
"v",8.54,81,13
"w",1.78,32,8
"x",2.19,85,5
"y",1.7,76,4
"z",1.87,93,4
"a",5.48,14,12
"b",2.7,39,7
"c",5.68,20,18
"d",9.29,91,15
"e",8.52,61,17
"f",3.14,11,7
"g",7.02,28,7
"h",5.38,96,2
"i",7.84,76,12
"j",9.77,47,10
"k",8.91,95,7
"l",0.26,26,17
"m",4.35,48,16
"n",0.51,23,7
"o",1.88,48,8
"p",9.06,70,13
"q",5.36,97,12
"r",6.54,50,9
"s",8.11,20,3
"t",4.58,90,7
"u",4.93,29,11
"v",7.99,71,7
"w",9.32,46,15
"x",5.95,39,14
"y",8.16,75,13
"z",8.42,28,7
"a",3.75,57,19
"b",8.24,68,5
"c",1.52,75,3
"d",2.4,78,16
"e",1.28,17,5
"f",9.72,23,5
"g",8.54,82,16
"h",1.83,100,15
"i",0.28,33,12
"j",6.13,70,8
"k",9.39,79,19
"l",8.98,72,4
"m",8.76,54,17
"n",2.2,68,20
"o",0.3,30,14
"p",7.86,67,16
"q",0.81,48,7
"r",7.08,97,15
"s",0.54,55,19
"t",9.64,68,7
"u",4.27,99,10
"v",7.86,11,7
"w",1.87,50,4
"x",5.39,43,12
"y",3.82,26,19
"z",4.54,90,2
"a",9.01,53,19
"b",0.29,27,7
"c",9.36,91,5
"d",3.37,84,20
"e",1.05,11,6
"f",9.48,56,4
"g",5.39,92,6
"h",5.64,89,6
"i",5,47,20
"j",5.04,96,4
"k",8.94,64,18
"l",0.39,86,7
"m",0.74,94,8
"n",5.41,97,13
"o",0.51,96,12
"p",0.13,32,7
"q",0.71,26,19
"r",3.34,16,4
"s",1.28,88,12
"t",7.36,58,16
"u",6.01,15,3
"v",4.87,50,11
"w",9.71,97,13
"x",3.32,43,6
"y",3.59,83,13
"z",2.78,80,5
